agcnum,radeg,decdeg,vhel,sepmin
213385,179.4504,12.0400, 2767,422.9651
215740,179.6683,15.5928,  561,440.2495
210968,179.8908,13.8875, 1450,399.8616
224386,180.0433, 9.0614,  464,446.0865
224234,180.2337,10.4986, 2657,399.1001
226564,180.2833,14.1183, 1421,379.9525
  7001,180.2933,14.1039, 1505,379.2042
  7003,180.3396,14.4497, 1287,381.4115
  7002,180.3492,13.4003,  936,369.5634
211006,180.3646,14.0344, 1488,374.3021
224978,180.4379, 8.6831, 2184,438.3299
224235,180.8129,10.1078, 2525,376.5669
222046,180.9000,16.0556,  939,388.5766
  7039,180.9608,16.5542, 2090,401.5611
  7038,180.9608,14.5508,  899,348.4775
  7048,181.0483,10.8542, 2403,346.6836
224237,181.1963,10.6264, 2572,343.3641
  7066,181.1988,10.5953, 2559,343.9319
226208,181.2483,14.4058, 1102,329.9366
220072,181.3629,12.5453,  771,308.7868
220074,181.3863,14.4900, 1485,323.8536
224595,181.6696,12.0344, 1428,293.8523
741926,181.9217,18.4803, 2154,439.7797
  7117,182.0408,10.3783, 1674,304.4387
220128,182.0846,13.6839, 2266,271.9242
220133,182.1317,15.0950,  589,298.3294
  7136,182.3429,13.9922, 1804,261.8116
220150,182.3537,13.5744, 1944,255.2413
  7149,182.4771,13.0494, 2464,243.9188
  7150,182.5075,14.3661,  825,260.0996
224602,182.5138,11.7136, 2594,249.0843
220167,182.5958,10.1883,  506,281.9679
220168,182.6008,13.1706, 1691,237.3587
226241,182.6333,14.4897, 2220,256.2433
220171,182.6487,11.7606, 1289,240.7025
  7170,182.6538,18.8281, 2444,432.3560
  7169,182.6563,16.0325, 2161,304.7286
224696,182.6583,13.0219, 2418,233.2333
220172,182.6700,14.6461, 2469,258.2803
226242,182.6875, 7.8681, 2027,372.9556
223267,182.7033,15.2522,  462,274.5699
223268,182.7271,15.9458, 2231,298.2560
220176,182.7375, 9.2192, 2215,311.2168
220178,182.7612,12.1042, 1894,229.9473
220179,182.7821,14.2750, 1093,243.2495
742018,182.7858,17.6314, 2485,369.2562
  7181,182.7913,13.5875,  264,230.4234
  7186,182.8425,18.0164, 2329,385.9338
220184,182.9087,16.4786, 2400,312.3138
224698,182.9179,12.9736, 2221,217.9001
224802,182.9246,13.1964, 1496,218.7454
224803,182.9412,13.2856, 2468,218.5029
223270,182.9425,13.0233, 2308,216.6714
224699,182.9450,12.4939,  667,216.4379
742034,182.9579,17.6764, 2455,365.5123
226249,182.9746,13.8083, 2007,223.4020
224241,183.0050,10.3983, 1620,254.8599
220187,183.0183,12.7419, 2203,211.6067
223273,183.0454,12.8931, 1437,210.2038
  7201,183.0487,13.2461, 1853,211.9491
  7200,183.0629,12.4881,  -53,209.5736
  7203,183.0717,13.2050, 2307,210.2880
222529,183.0787,15.4831, 1230,264.9822
220195,183.0946, 6.9794, 2088,403.1089
  7209,183.1346,12.1231, 2188,208.1824
223275,183.1512, 6.5019, 2039,426.2966
226258,183.1696, 6.8411, 2281,408.0048
224507,183.1779,12.7628, 1738,202.2707
  7215,183.1933,10.8658,  381,230.7578
  7216,183.2017,13.9758, -182,214.0055
223277,183.2042,13.3472, 2425,203.9535
742066,183.2400,19.3617, 2449,443.7421
222671,183.2496, 7.2989, 2197,381.9319
  7219,183.2617, 7.0383, 2120,395.0135
220205,183.2696,15.8928,  861,272.7995
224807,183.2892,13.5844, 2108,202.1412
223280,183.2946, 7.2194, 2146,384.6431
224808,183.3071,13.5228, 2158,200.2348
224809,183.3242,13.1600, 1915,195.3120
  7223,183.3596,14.7717, 2075,226.9874
222546,183.3825,10.3108, 1469,239.7573
  7227,183.3883,14.4819, 2445,216.7037
220212,183.4221,15.4536, -144,248.5416
224243,183.4225, 9.0111, 1836,292.2273
  7235,183.4471,13.4244, 2123,190.9525
223286,183.4504,12.6906,  910,186.3464
  7231,183.4512,14.8992,  -98,226.7882
  7233,183.4596, 7.2008, 2680,380.7111
223131,183.4717, 7.4544, 2135,367.1472
  7234,183.4733,13.1725, 2480,186.7748
220217,183.5092, 6.7231, 2444,404.6148
  7239,183.5375, 7.7769, 1224,348.5262
224487,183.5504,12.7828,  629,180.4857
224244,183.5567, 8.9083, 1999,291.9997
223290,183.5600,13.5428, 1306,186.2265
224488,183.5829,13.4517, 2458,183.5895
226276,183.5979, 6.7642, 2041,400.0367
224245,183.6175, 5.9086, 1941,446.1247
224094,183.6367,12.1031, 2201,179.5294
223293,183.6446,11.8589, 1366,182.7594
220231,183.6487, 9.1997, 1438,274.9541
223294,183.6533, 9.6894, 1292,252.7770
  7249,183.6571,12.8128,  627,174.2806
224246,183.6796,10.5331, 2078,217.7313
  7251,183.6842,12.1800, 2376,175.8695
224705,183.6858,12.7897, 2298,172.5691
224247,183.6871, 6.1544, 2072,430.9429
742122,183.7075,17.7189, 2394,344.2908
224248,183.7229, 9.6697, 1694,250.8199
  7254,183.7296,13.4603,  260,175.4032
226281,183.7417, 7.8844, 2480,336.7716
223296,183.7442,11.8639, 1370,177.0803
220242,183.7658,13.0319, 2085,168.7817
220241,183.7667, 9.7536, 2179,245.3741
  7255,183.7688,14.0283, 2346,184.6764
  7259,183.7783,12.0161, 2378,172.6511
223299,183.7854,14.9717, 1184,213.8634
220246,183.8025,14.4328, 1013,194.4048
  7262,183.8179,13.4739,  385,170.6223
  7260,183.8200,13.0236,  701,165.5809
226282,183.8213, 6.3931, 2130,414.6216
220250,183.8262, 5.7608, 2021,449.5665
224249,183.8642,10.5122, 1496,209.9769
  7268,183.8771, 9.5847,  618,248.5685
220255,183.9125, 8.2842, 2584,310.9577
  7275,183.9138,13.9011,  -84,173.8452
  7269,183.9167,15.0050, 1075,209.2814
  7279,183.9429,10.6969, 1978,199.4281
220256,183.9721,13.2156,  255,158.4204
220257,183.9737,14.0250,  682,173.8254
  7284,183.9762,13.1497,  135,157.5116
  7281,183.9767, 6.4008, 2067,410.5893
  7285,183.9846,14.4325, 1513,185.4599
220258,183.9850, 9.6483, 2222,241.5314
220263,184.0017, 8.2022,  802,312.5432
220270,184.0379,12.6914, 1103,151.9611
226179,184.0421,15.1236,  570,208.6315
223349,184.0479,11.3603, 2615,172.3721
220261,184.0492, 8.3733,  875,302.2334
226294,184.0533, 7.4561, 2347,350.8364
222297,184.0542, 7.9292, 2232,325.4322
223351,184.0604,13.5864, -149,159.0351
223352,184.0658,14.2406,  270,175.3348
226180,184.0858,14.7739,  510,192.8584
  7291,184.0946,13.3075,  222,152.5359
226296,184.1038, 7.4878, 2232,347.8337
224250,184.1125, 6.0519, 2021,427.1572
220277,184.1404,13.0317,   65,147.0227
  7292,184.1408, 7.4622, 2651,348.2903
224251,184.1417,10.2061, 2095,210.4280
223360,184.1467, 7.0417, 2305,371.2093
222200,184.1988, 8.0489, 2564,315.1085
224385,184.2079,13.5039,  -87,149.3097
742160,184.2108,18.3392, 1005,364.9002
220282,184.2183,14.5153, 1208,177.2144
  7305,184.2333,13.6250, -156,150.3275
221836,184.2429,12.2636, 2074,142.7538
220285,184.2546, 9.4075, 1281,243.3065
  7307,184.2683,10.0050, 1212,214.3723
  7312,184.2725,12.2889,  474,140.7579
225056,184.2800, 7.7339, 2259,330.0221
  7311,184.2817, 7.6239, 2371,335.9883
  7313,184.2883,12.4533, 2133,138.3055
  7310,184.2908, 7.1911, 2596,359.6175
220289,184.2946, 6.4317, 2070,402.0285
  7315,184.2975,15.3236,  915,206.9851
  7314,184.3104, 8.9419, 1290,264.9705
  7316,184.3125,16.5308,  946,265.2447
220293,184.3317,11.9433, 1490,142.8282
  7319,184.3571, 6.6897, 2235,386.2075
223373,184.3604,13.7369, 1384,146.0640
224489,184.3671,12.9322, 2068,133.2122
223306,184.3704, 8.5331, 1415,284.6218
221721,184.3779, 6.6975, 2291,385.3419
220295,184.3792,17.6461,  865,322.9365
224611,184.3804,11.9544,  395,139.9077
  7326,184.3896,12.3861, -164,132.9890
224253,184.4221, 5.6206, 2645,445.8060
224254,184.4367, 6.0825, 2467,419.0986
224255,184.4417, 6.1392, 2980,415.7725
220305,184.4696,13.1767, 1664,129.4552
224257,184.4817, 6.1125, 2543,416.5649
220310,184.4975, 5.5986, 2691,445.7786
  7333,184.4992, 6.6539,  733,385.3944
224316,184.5179,14.7531, 1564,173.3354
225057,184.5204, 7.7458, 2172,323.6409
222112,184.5283, 5.6844, 2550,440.3189
223390,184.5321, 5.9297, 1886,426.1486
  7339,184.5458, 9.4994, 1733,229.1697
221999,184.5600, 6.6036, 2577,387.0948
220321,184.5637,13.7489,  243,135.6793
225058,184.5750, 7.1281, 2688,357.0546
220324,184.6167, 5.6153, 1838,442.8654
224262,184.6179, 6.0758, 2246,416.2815
223396,184.6187, 6.4058, 2074,397.3222
  7343,184.6287, 5.5594,  863,445.9036
223399,184.6308, 5.8522, 2289,428.9503
222890,184.6329,13.1911,  953,120.3307
220328,184.6608, 6.7081, 1999,379.2753
223403,184.6650,13.5972,  211,126.4304
  7346,184.6738,17.7172,  831,320.4091
223404,184.6758, 5.6672, 1517,438.9252
223406,184.6788, 5.7886, 2846,431.8537
223407,184.6825,12.3856,  155,116.0692
225100,184.6879, 6.2631, 2490,404.3256
  7345,184.7063,14.4164, 2470,151.5387
220335,184.7121, 7.8619, 1596,312.9408
220336,184.7137,12.5972, 1508,112.6667
222116,184.7521, 6.0944, 1575,413.0011
220303,184.7583,13.9822, -206,133.0316
  7352,184.7633, 8.8553, 2466,256.9137
  7355,184.7712,13.9811, -206,132.3745
224175,184.7750, 5.7389, 1227,433.2492
220345,184.7771, 5.7258, 2756,433.9762
225059,184.7821, 7.6342, 2694,324.3127
220351,184.7971,12.8842, 2179,107.9090
220350,184.8017, 6.3817, 2814,395.6083
222893,184.8021,12.8519,  797,107.4676
220352,184.8071, 5.9858, 1612,418.4320
220353,184.8092,13.8822, -250,127.2423
220355,184.8137, 6.3072, 2268,399.7159
220354,184.8146, 6.2936,  657,400.4896
224264,184.8213, 5.5783, 2505,441.9061
223416,184.8229, 5.8775, 2990,424.4810
222211,184.8342, 5.4667, 2290,448.2296
223417,184.8362, 6.7050, 2187,376.3923
220358,184.8400, 7.8703, 2411,309.8144
220360,184.8417, 5.9106, 1505,422.2810
  7361,184.8429, 6.0986, 1801,411.3436
  7360,184.8462, 5.8256, 2200,427.1551
220361,184.8462, 5.7947, 2120,428.9487
222894,184.8471,19.5872,  946,424.5143
222490,184.8492, 6.2331, 1880,403.4528
220366,184.8583,13.3100,  305,109.6144
222491,184.8687, 6.2731, 1525,400.8323
  7366,184.8692,17.2303,  978,289.1252
  7365,184.8775,14.8772, 1376,164.8636
  7364,184.8987, 5.8469, 2532,425.1501
223422,184.9033,15.1614, 1215,177.6502
225060,184.9137, 7.1197, 2623,351.2211
  7368,184.9254, 5.5383, 1536,442.7867
220373,184.9383, 6.0053, 2045,415.3609
  7373,184.9388,12.7981, 1001, 99.3047
220380,184.9388, 5.4558, 2362,447.4319
  7372,184.9550, 6.0150, 2074,414.5570
  7376,184.9558, 5.4636, 2357,446.7509
222118,184.9654, 5.9958, 1462,415.5273
220383,184.9725, 6.6656,  482,376.4837
224267,184.9737, 6.0322, 2022,413.2884
220390,185.0133,14.9614, 1330,164.1660
223431,185.0154, 6.0142, 2124,413.7638
223262,185.0167, 5.4144, 2479,448.8468
  7385,185.0313, 7.6914, 2618,316.3741
223433,185.0362, 9.4675, 1788,216.7971
220392,185.0508, 6.6233, 2473,377.7574
224176,185.0754, 5.9992, 2097,413.8344
220395,185.0783, 9.5453, 2024,211.5126
224270,185.0842, 9.7972, 1208,197.8182
  7389,185.0892, 5.3867, 2732,449.5829
220398,185.0908,12.1878,  272, 95.9444
223440,185.0954, 6.1392, 2356,405.3790
222215,185.0971,13.8975,  272,114.0990
220396,185.1012, 5.5728,  929,438.5028
220399,185.1054, 6.9089, 2560,360.3520
223445,185.1279,13.5192, 2009,100.1344
225102,185.1287, 6.6400, 1496,375.6707
224271,185.1458, 5.8075, 2193,424.1731
223447,185.1512,12.8847, 1182, 87.2942
224272,185.1608, 5.9089,  908,418.0359
220409,185.1675,13.8889,  790,110.5684
223449,185.1825,14.6308,  630,142.3490
220412,185.2021, 5.6400, 2134,433.3493
 12938,185.2033,17.4872, 1474,297.6164
223453,185.2033, 6.7236, 2311,369.7632
224273,185.2037, 5.9817, 1800,413.2371
223455,185.2133, 7.0589, 2335,350.0586
220414,185.2133,12.5975, 1506, 83.5081
220418,185.2400, 6.3397,  825,391.7687
220419,185.2504,12.7258,  672, 80.9762
222300,185.2650, 7.0778, 2333,348.2361
223460,185.2700,11.7547, 1432, 98.8525
220422,185.2750,11.5956,  989,104.5445
220427,185.2967,17.6383, 2103,304.9102
  7405,185.3013,18.3819,  867,348.1578
223464,185.3025, 8.9636, 1562,238.8155
220431,185.3100,12.3892, -461, 80.0852
223465,185.3125,13.3467, 1397, 85.8327
  7407,185.3246,11.5100,  359,105.8164
223469,185.3300,16.6092, 1363,245.1423
734737,185.3438, 5.9475, 1783,413.6358
220435,185.3633,15.0214, 1866,156.5081
220436,185.3708, 8.1508, 2536,284.2697
224736,185.3779,12.6542,  338, 73.6401
  7412,185.3863,14.6056, 1133,134.3495
220437,185.4042, 5.7658, 2472,423.7277
225018,185.4100, 8.7772, 1393,247.4923
  7415,185.4117,15.7447, 1312,194.7385
223480,185.4133, 7.2533, 2755,336.0066
  7414,185.4196,11.5006,  228,102.2497
  7413,185.4229, 5.3847, 2310,446.0975
223308,185.4233,15.0756, 1228,157.7830
  7418,185.4263,14.5978, 1163,132.7063
223484,185.4358, 9.2367, 1503,220.7604
734739,185.4463, 5.9889,  758,410.1121
224205,185.4500,12.8269, -105, 69.5614
223488,185.4583, 9.7386,  497,191.9623
223487,185.4596, 8.5417, 1110,260.2588
  7425,185.4738,15.6458,  804,187.9061
  7423,185.4813, 6.4511, 1256,382.4365
  7421,185.4825,11.9672,  160, 81.3107
742275,185.4829,17.6808, 1496,304.8392
  7424,185.4892, 8.6744,  852,252.1119
  7432,185.5150,12.7403, 1934, 65.4971
  7433,185.5171,12.7869, 1517, 65.4740
226313,185.5196, 7.7394, 1362,306.1631
  7431,185.5229, 9.0431, 1053,230.2940
223495,185.5271, 6.7825, 2528,362.3846
220450,185.5317,15.7989, 1300,195.3657
223496,185.5358, 9.8944, 1562,181.5935
  7435,185.5513, 7.1439, 1053,340.8029
220451,185.5613, 7.1672,  500,339.3167
222915,185.5617,14.1419, 1222,105.6610
  7436,185.5808,14.7606,  982,136.7956
221542,185.5813,15.7339, 1159,190.7443
222303,185.5813, 6.9278, 1057,353.2344
222716,185.5900,10.6019, 2067,141.2761
222920,185.6017,15.4708,  921,175.4715
222778,185.6304, 7.1189,  914,341.4337
  7442,185.6304,15.5381,  146,178.7100
221722,185.6325,11.8025, 1393, 80.6116
220456,185.6492,12.1575,   44, 66.9385
220457,185.6575, 8.2961, 1407,271.7852
  7445,185.6604,11.8006, 1458, 79.5083
220460,185.6604, 6.0144,  877,406.6138
  7441,185.6625, 6.6764, 2363,367.3136
220461,185.6654, 6.2269, 2823,393.9511
220463,185.6712, 7.9503, 1047,291.9440
  7447,185.6758, 9.3322, 1262,211.1247
  7446,185.6804, 8.1981, 1215,277.2621
221880,185.6817, 5.4581, 2307,439.5279
220467,185.6871,15.4997,  -72,175.4766
220468,185.7012, 7.9133, 1290,293.7824
223311,185.7121,13.5931, 1118, 75.0086
222925,185.7121,15.2761, 1076,162.3153
  7448,185.7200, 6.6794, 1540,366.6163
  7450,185.7288,15.8219, 1560,193.2419
223512,185.7342, 7.7331, 1053,304.0714
226319,185.7488, 8.0308,  652,286.3339
220475,185.7567,15.9056, 1803,197.6461
223516,185.7633, 5.7858, 2061,419.4071
223312,185.7700, 8.3331, 1303,268.2799
220478,185.7808,13.7444, 2129, 78.9882
220479,185.7900,11.7258,  646, 77.6469
220483,185.8171, 7.6875, -398,305.9542
  7456,185.8183,11.3661, 1552, 94.4396
227958,185.8267, 5.6072, 1578,429.6129
220487,185.8333,15.8203,  517,191.5784
223526,185.8333, 7.0681, 1137,342.5784
221544,185.8383,15.8683,  105,194.3059
220493,185.8683, 5.8164,  906,416.8664
  7462,185.8742,19.4267, 1134,404.5952
  7461,185.8954, 6.0817, 1298,400.8684
  7467,185.8971,16.7217,  932,243.6995
  7468,185.9063,17.5406, 1247,292.1084
  7465,185.9112, 6.9542, 1012,348.7548
  7466,185.9129, 7.0533,  751,342.8373
  7470,185.9354,12.4778, -437, 43.4710
  7469,185.9521, 7.1861, 1424,334.6466
742299,185.9567,18.4556, 2104,346.1715
223538,185.9579, 6.0597, 1138,401.7924
222947,185.9692,13.8822,  707, 79.6529
  7472,185.9729, 7.1067,  915,339.2357
  7473,185.9904,16.6922, 1247,241.0630
221548,185.9904,12.8872,  552, 38.9230
226326,185.9925, 7.4506, 1223,318.6066
220502,186.0012, 7.7853, 1144,298.6080
  7476,186.0058,12.2044, 2320, 48.1915
742300,186.0079,16.8392, 1637,249.6254
222950,186.0171,17.5489,  460,291.7481
  7475,186.0208,11.2178, 2106, 97.2201
225022,186.0212, 8.2939, 1390,268.1927
222733,186.0212,10.0675, 1257,163.3547
  7474,186.0229, 7.0406, 1182,342.8530
  7477,186.0317, 6.6069,  697,368.6869
223551,186.0521,11.5294, 1640, 79.3329
223554,186.0571, 7.1747, 1496,334.6366
742307,186.0587,18.6889, 1570,359.4904
  7482,186.0612, 8.5364, 1173,253.4560
220516,186.0912,13.0297,  125, 36.6949
223556,186.1087, 7.1133, 2906,338.0074
  7488,186.1179, 7.3178, 1240,325.7425
226332,186.1304, 6.4881,  654,375.2798
223561,186.1333, 8.6375, 1245,246.9002
734756,186.1471, 6.0328, 1066,402.4456
220525,186.1646, 8.5039,  875,254.6551
220529,186.1958, 7.3531, 1274,323.2342
222967,186.1983,14.5764, 1205,114.0674
223566,186.1992, 8.9914,  955,225.3575
220532,186.2017,18.1950,  710,329.2697
220531,186.2067, 6.7594, 1083,358.7037
221552,186.2150,13.1111,  955, 33.8040
223568,186.2229, 9.4931,  728,195.3018
223569,186.2250, 7.5567, 1241,310.9191
742314,186.2287,16.8108, 2414,246.3938
  7492,186.2292, 7.4439,  787,317.6475
  7493,186.2308,11.7039,  941, 65.5584
223570,186.2337,11.8322, 1833, 58.3713
222509,186.2625, 7.5039, 1341,313.9139
223571,186.2642,13.2444,  968, 38.0316
220539,186.2654,17.0161, 2436,258.4715
  7494,186.2663,12.8867, 1033, 23.6511
222736,186.2667,10.1008,  904,158.8060
222972,186.2675,15.7114, 1393,180.5657
220537,186.2733, 5.3292, 2044,444.1437
223574,186.2842, 6.8906, 1433,350.5568
  7501,186.3013,14.7619, 1375,123.8641
222825,186.3046,13.0256,  -86, 26.4724
  7499,186.3104,11.8492, 2472, 55.7565
  7502,186.3113,15.6072, 1071,174.0687
  7500,186.3133,12.7142, -214, 18.7755
223314,186.3200,11.6053,  121, 69.5461
222753,186.3225,14.1725,  573, 88.8493
  7498,186.3254, 5.7408, 1156,419.3278
  7504,186.3400,16.4294,  918,223.0407
220542,186.3400,13.0708, 1910, 27.0413
  7503,186.3421,10.0164,  963,163.3017
222979,186.3467,14.8033, 1401,125.9381
221553,186.3500,18.1397,  773,325.4178
  7508,186.3508,18.1906,  758,328.4614
  7507,186.3562,16.4697, 1694,225.3809
224745,186.3688,12.6367, 2424, 16.3682
220545,186.3708,13.4981, -215, 48.9801
224232,186.3813,11.1583,  894, 95.0451
  7510,186.3879,12.2597, -141, 31.3123
222646,186.3900,13.2269, -340, 33.4330
222981,186.3946,15.1939, 1494,148.9072
734761,186.3971, 5.3808, 2315,440.7532
222983,186.4000,15.8472, 1087,187.9463
222510,186.4017,15.8297, 1086,186.8921
220549,186.4050,13.1436, -749, 28.5696
223585,186.4113,14.1506,  391, 86.6341
221554,186.4113,12.3133, 1691, 27.8282
224185,186.4117, 7.7322, 1512,299.7341
220552,186.4150,10.5839, 1496,128.9901
222833,186.4221,13.0475,  564, 23.0808
  7517,186.4238,12.8097,  584, 13.3581
  7513,186.4288, 7.2161,  995,330.6357
222754,186.4346,13.0219,  720, 21.3959
  7520,186.4454,12.6619, 2545, 11.6301
220555,186.4479,14.9519,  505,134.1753
221555,186.4596,13.1975, -730, 30.2415
  7519,186.4608,10.4586, 1118,136.2440
226342,186.4633, 7.7875,  687,296.3012
220558,186.4688, 5.8100, 1537,414.8952
  7518,186.4754, 7.5542, 1194,310.2713
  7523,186.4821,18.2136,  914,329.5537
222840,186.4821,12.7697,  701,  9.3216
221660,186.4838, 7.2347,  961,329.4162
220559,186.4913,10.0539, 1002,160.3665
222994,186.4954,15.2767,  943,153.4322
  7526,186.4958,15.6708, -155,177.0525
220561,186.5058, 8.1931, 1304,271.9018
220566,186.5221,11.8122, 1277, 55.0391
221556,186.5233,12.5594, 1636, 11.7593
220568,186.5275,12.8608, 1265, 10.3552
  7529,186.5300,16.1803, 1742,207.5246
  7528,186.5313,13.1128,  236, 24.1462
  7532,186.5492,12.9461, -221, 14.2770
222845,186.5625,12.9639, 1101, 15.0465
220572,186.5767, 8.3500, 1100,262.4017
223604,186.5833,12.5064,  666, 13.3310
220578,186.5900, 6.6697, 1483,363.2060
221872,186.5942,12.7867, 2114,  4.4750
223608,186.6042,10.5817, 1026,128.4919
223610,186.6087,16.5231, 2031,228.0081
  7537,186.6250, 8.8717, 1280,231.0806
  7538,186.6342,12.6103,   96,  6.7633
220587,186.6350,13.5789, 1375, 51.3534
220589,186.6383,12.7428, 1115,  1.2134
223619,186.6463, 9.9833,  443,164.3815
742339,186.6617,16.7175, 1610,239.6754
221558,186.6658,12.5136, -254, 12.7009
  7540,186.6687, 8.4353,  910,257.2715
742341,186.6738,18.1369,  703,324.8448
223624,186.6829, 8.8233, 1380,233.9977
224221,186.6833,10.9047,  559,109.1351
223625,186.6850,11.3797, 1291, 80.6521
  7541,186.6946, 7.9186, 1380,288.2855
220591,186.6963,12.4539, 1471, 16.5530
  7546,186.6967, 8.8844, 1269,230.3429
226354,186.7000, 7.6717,  619,303.1050
  7547,186.7100,11.5583, 1100, 70.0220
  7542,186.7104, 9.5833,  843,188.4337
  7548,186.7129,13.1750,  162, 27.5098
  7550,186.7263,11.6636, 2084, 63.7932
223316,186.7267,10.6656, 1275,123.5667
221559,186.7275,13.5658, -629, 50.8642
220594,186.7321, 9.8822,  985,170.5443
  7551,186.7358,15.0469, -182,139.5628
220597,186.7467,14.7822, 1866,123.7277
  7554,186.7608,15.4611, 1602,164.4523
220598,186.7629,12.5608,  791, 12.3139
222859,186.7658,12.8650, 1135, 11.4930
  7556,186.7871, 5.8800, 1092,410.6799
223640,186.7913, 8.3900, 1418,260.1453
223642,186.7967,12.0381,  102, 42.1876
  7557,186.7971, 7.2625,  928,327.7715
  7563,186.7992,15.8972, 2375,190.6952
223641,186.7996, 8.8400, 1259,233.1842
  7561,186.7996, 9.4200,  432,198.4196
223644,186.8029,17.8208, 1069,306.0262
226357,186.8033, 7.6392, 1171,305.1937
  7562,186.8062,12.7344, 1881, 10.1039
220604,186.8204,16.0244, 1727,198.3827
220603,186.8233, 7.6706, 1846,303.3526
222511,186.8237,14.1467, -406, 86.1346
223647,186.8279, 8.2128, 1449,270.8550
223317,186.8346,16.4283,  776,222.6248
222863,186.8379,13.1117,  -28, 26.1922
  7565,186.8425,10.8664,  928,112.0676
220606,186.8533,13.7164,  338, 60.9646
742352,186.8542,19.2633,  647,392.6252
223652,186.8558,13.7506, 2422, 62.9999
  7566,186.8596, 6.2631, 1472,387.8262
  7568,186.8608,11.1075, 1131, 97.8404
  7569,186.8638,12.2897,  913, 29.2735
  7567,186.8712, 7.6433,  838,305.1016
220609,186.8754, 9.3411, 1712,203.4106
220610,186.8817, 9.5983,   32,188.0458
220614,186.8833,11.6153, 1378, 68.0530
220616,186.8892,10.0039,  856,163.8354
223660,186.8950,15.7394, 2084,181.6219
  7571,186.9029, 8.1536, 1068,274.6219
222512,186.9067,14.4556, 1306,105.1624
222865,186.9083,12.8803,   77, 18.6189
742357,186.9117,18.4344, 1054,343.0618
  7575,186.9187,13.0789,  773, 27.0793
223663,186.9196,15.9450,  868,194.0313
  7573,186.9217,12.3156, 1125, 29.6905
222647,186.9254,12.0897, -500, 41.6577
223666,186.9337,11.2133, 1441, 92.2727
222866,186.9358,12.9819, -143, 23.5187
  7574,186.9408,13.0089,   86, 24.8262
222867,186.9408,12.8719,  -62, 20.0535
223668,186.9429,11.4350, 1310, 79.3768
  7581,186.9733,12.2931,  739, 32.5658
  7580,186.9788, 8.0897,  716,278.7397
  7579,186.9804, 5.7211, 2252,420.6133
223674,187.0008,11.9494, 2248, 51.1515
223675,187.0087,15.4433, 2397,164.6703
  7583,187.0154, 9.8033,  515,176.6115
221665,187.0204,13.6117,  865, 57.9019
221561,187.0271,12.8981, 2308, 25.2822
  7585,187.0358,12.0925, 1899, 44.5593
220633,187.0471, 9.7603,  475,179.4173
223679,187.0500,10.3653, 1467,143.5611
220632,187.0512,10.2975, 1892,147.5827
223680,187.0529,10.5258, 1828,134.1087
  7589,187.0617,11.7892,  645, 61.3847
  7587,187.0662, 9.4361,  300,198.8483
223684,187.0771,11.6997, 1461, 66.6683
  7590,187.0783, 8.7292, 1106,241.0567
222015,187.0933, 8.7286, 1131,241.1874
221562,187.0987,13.1958, 1774, 39.2847
223690,187.1000,11.4206, 1625, 82.7914
223691,187.1133, 6.9458,  860,347.7853
  7595,187.1133,18.4153, 1697,342.6574
220637,187.1162,12.8231, 1704, 28.8496
  7594,187.1229,17.0847, 1945,263.2333
220639,187.1271, 7.3247, 1691,325.2031
  7596,187.1417, 8.6394,  560,246.8339
  7600,187.1692, 9.2586,  860,210.2389
223699,187.1729, 9.7317,  763,182.2600
223700,187.1729, 7.8042,  868,296.8389
220640,187.1733,12.9158,  436, 33.6073
223000,187.1779,12.5497, 1874, 33.4979
  7602,187.1800,14.9992, 1678,140.2241
  7601,187.1804,11.7544,  223, 66.3600
222878,187.1871,12.8097,   12, 32.7796
224192,187.1929,16.2242, 1978,212.5637
220645,187.2287, 9.4208, 1014,201.2002
  7610,187.2400,13.2417,  684, 47.1564
222755,187.2421,12.6617, 1417, 35.7828
224193,187.2492,12.6483,  844, 36.2861
  7614,187.2500,13.9783, 1215, 83.4640
  7613,187.2625,13.1833, 1925, 45.9725
223711,187.2763,14.0042,  453, 85.5252
220651,187.2837, 9.4439, 1040,200.4307
220652,187.3083,11.6903,  160, 73.5068
223714,187.3108, 7.8775, 1528,293.4610
221566,187.3113,12.9783, 2468, 42.4764
220653,187.3137, 8.8144,  968,237.9099
220658,187.3258,10.1358,   70,160.4726
223320,187.3383,16.8064,  862,248.3862
  7619,187.3388, 8.1564, 1265,277.1326
  7620,187.3438,11.4333, 1335, 87.8731
220661,187.3442, 9.9883,  761,169.3136
220662,187.3475,12.4506,  500, 44.8653
  7623,187.3592,16.4047, 1600,224.8799
224279,187.3650, 5.9736, 1662,407.2663
  7622,187.3671, 8.7500,  587,242.2638
  7621,187.3708, 6.7706,  525,359.7921
220663,187.3758, 7.9928, 1426,287.1687
  7626,187.3775, 7.6961,  673,304.7897
  7628,187.3787,14.0486,  895, 90.6405
223721,187.3829,13.5100,  355, 64.3809
222756,187.3958, 8.0581,  900,283.4824
220667,187.3979,10.7936, -123,124.1552
221568,187.4042, 7.9328,  885,290.9842
  7627,187.4071, 7.8231, 2360,297.5160
223321,187.4079, 7.1067,  795,340.0676
223725,187.4104,11.2989, 1485, 96.8359
221569,187.4138,12.5483, 1099, 46.8394
223729,187.4187,10.3850, 1454,147.6691
223731,187.4308,17.5156,  679,291.2314
223733,187.4338,12.8056,  484, 47.0606
223735,187.4354,15.0244, 1318,145.7630
223736,187.4371,17.2875, 1318,277.7941
223734,187.4375, 5.9200,  887,410.9394
  7629,187.4446, 7.9997,  997,287.4040
223737,187.4471, 6.9653,  967,348.7882
  7631,187.4538,13.4292, 2236, 63.9571
222648,187.4633,13.8678, -335, 84.0409
223744,187.4704,11.9619,  399, 66.9966
  7634,187.4738,14.0683, 1624, 94.4350
223747,187.4779, 7.1381,  718,338.7851
224832,187.4900,13.4708, 1944, 67.1987
  7637,187.4958,12.3486, 1955, 55.2499
227861,187.4979, 8.4317,  627,262.4708
  7636,187.5025, 7.9292,  276,292.1601
  7638,187.5088,13.6361, 1355, 74.9200
224222,187.5108, 9.4031,  898,205.7774
220680,187.5208,17.3983, 2488,285.1837
220679,187.5212, 8.0733, 1350,283.8481
224521,187.5317,12.6086, 1103, 52.9957
  7640,187.5433,10.7786, 1850,128.3094
223017,187.5454,12.1953,  420, 62.0789
  7643,187.5704, 9.0847, 2015,225.1578
  7645,187.5725,12.3275, 1370, 59.8728
  7646,187.5762,13.5769,  858, 75.2055
223208,187.5850,14.1403,  697,101.5441
222164,187.6242,19.6731,  925,420.8820
220691,187.6333,12.4900, 1578, 60.1613
223776,187.6604,15.6072,  825,183.0632
  7650,187.6663,15.1297, -108,156.4144
  7649,187.6692, 9.0153,  881,230.6707
224281,187.6750, 5.8786, 2341,415.2575
223778,187.6867,13.7989, 1241, 89.1419
220697,187.6912,11.3431, 1665,103.4608
224462,187.6925,12.0992, 1162, 72.4442
223779,187.6971, 7.6056, 1572,313.3952
224522,187.7008,12.5864,  824, 62.9902
220704,187.7021,12.0450, 1250, 74.6513
223783,187.7033,13.2239,   77, 69.3699
  7654,187.7050,12.3914, 1292, 65.8031
  7653,187.7146, 8.3594,  990,269.4566
220709,187.7150,12.4386, 2925, 65.5622
  7655,187.7179,16.7583,  960,250.1515
223325,187.7317,14.7733, 2537,138.6578
220713,187.7346,12.3733, 2735, 67.7861
  7657,187.7379,11.4828,  497, 98.6478
224523,187.7392,12.4292,  698, 67.0771
  7658,187.7408,12.2703,  450, 70.2960
  7656,187.7488, 8.0775, 1802,286.3836
223326,187.7508,15.7308, 1496,191.8002
223791,187.7546, 7.7233, 1251,307.1856
742408,187.7592,18.0033, 2075,323.4330
224524,187.7688,11.9436,  824, 81.3067
742410,187.7883,18.2197, 1518,336.4842
223796,187.7933,13.0972, 1540, 71.4221
224525,187.7996,12.6836, 1159, 68.2635
220721,187.8154,12.3317, 1814, 73.0720
223327,187.8204,13.8281,  187, 95.8955
221573,187.8308,12.7381,  353, 70.0504
223029,187.8317,12.6117, 1850, 70.4280
220722,187.8342,14.1153, 1332,109.0149
220724,187.8454,11.4925, 1251,102.4756
223328,187.8467,17.2064, 1363,278.0300
220726,187.8600, 7.8539, 1420,300.9728
224526,187.8683,12.4175, 2041, 74.5720
223031,187.8821,11.6031, 1838, 99.3676
  7665,187.8854,11.6242, 1098, 98.6586
223032,187.8892,12.0639,  777, 83.5110
  7666,187.9075,14.8594, 2559,148.1138
220731,187.9129,10.8400,  633,135.6711
  7669,187.9146,16.8519, 1506,258.6300
  7672,187.9646,12.6564, 1297, 77.9866
220733,187.9662,12.4811,  723, 79.3474
220729,187.9704,12.2664,  790, 82.9404
221672,187.9746,14.3064,  470,123.0513
  7676,187.9783,15.1233, 2100,163.9208
222514,187.9821, 8.6022, 1036,259.7042
  7674,187.9829,12.1733,  278, 85.6367
742428,187.9962,18.3475, 1836,346.5273
  7675,187.9971,14.4200, 2321,129.1786
223040,188.0033,12.6203,  471, 80.3956
220738,188.0113,11.8900, 1038, 94.9535
  7677,188.0133,16.6869, 1629,250.9404
224527,188.0179,12.3417, 1607, 84.2235
220739,188.0238,11.8178,  902, 97.9223
  7680,188.0263,11.1764, 1359,123.6516
220742,188.0367, 8.0394,  609,292.9457
223827,188.0396,15.3014, 1604,175.0063
  7682,188.0438,13.4194,  532, 92.3833
220741,188.0517,12.0611, 1022, 92.0821
  7681,188.0592,10.2511, 1372,170.3455
224528,188.0608,12.0514, 1216, 92.8204
  7684,188.0796,18.2447,  826,341.6753
220745,188.0950,16.0186, -132,215.1937
220748,188.0975,11.2628, 1505,122.6922
220746,188.0979,11.8933, 1110, 99.2086
220747,188.0988,12.2864, 1514, 89.7101
223832,188.1067, 5.6558, 1143,432.8966
  7688,188.1350, 8.0450,  609,294.3191
220749,188.1392,15.4153,  414,183.7561
220751,188.1396, 9.1736, 1230,230.6875
223837,188.1492, 8.0925,  820,291.8557
223330,188.1496, 9.8867, 1769,192.1221
222168,188.1508,18.0225,  901,329.8468
223838,188.1517, 5.3875,  894,449.2093
223840,188.1621,10.0919, 1224,181.6494
220752,188.1654,18.0125,  881,329.4947
  7692,188.1700,12.7714, 2307, 89.9356
  7695,188.1746,14.0503, -169,120.1158
223843,188.1775,15.9097, 1171,211.2070
226403,188.1783,15.0361, 1299,165.3851
  7696,188.1842,14.1958, 1970,126.4552
220755,188.1958, 7.7994, 1339,309.4612
  7701,188.2712,16.2653, 1018,232.8388
  7703,188.2817,14.5747,  958,146.8745
223854,188.2879,10.8342, 1956,149.2649
220768,188.2913,11.3469,  129,127.5684
220770,188.3058, 9.3972, 1079,222.5030
220775,188.3079,12.8575, 1954, 98.2749
220771,188.3079,10.9286,  248,145.7877
  7707,188.3267,17.4592, 1175,300.6013
221858,188.3283, 9.1206, 1302,238.0745
220774,188.3321,12.8533, -571, 99.6648
223858,188.3371, 7.8544, 2141,308.9211
221609,188.3529, 8.6908, 1434,262.2880
223332,188.3604, 6.6164, 1786,380.3458
  7709,188.3763, 8.6542, 1229,264.8514
223863,188.3838, 9.4600,  817,221.2251
221577,188.3938,11.2617,  762,135.4770
220784,188.4071, 7.8714,  532,309.3318
  7711,188.4154, 9.1750, 2316,237.3312
224749,188.4179,12.7372, 1152,104.4071
223867,188.4258, 7.7831,  459,314.6992
  7712,188.4375,10.9950, 1226,148.2005
  7713,188.4504,15.1689,  262,180.8930
223869,188.4529,12.7800, 1127,106.4982
220787,188.4650,13.3225, 1608,112.9165
223870,188.4821, 5.7189, 1749,434.2475
223871,188.4833,10.5781,  461,168.4376
  7716,188.4863,15.3544, 2326,191.1803
  7718,188.5129, 7.6992,  602,321.1870
  7722,188.5254,11.3208, 1374,139.2739
222764,188.5279,12.7417, 1491,110.8464
220792,188.5479,12.0489, 2073,119.2313
  7728,188.5621,11.0711, 1375,150.4547
  7729,188.5662,13.0750,  195,114.9651
223877,188.5679,16.0578,  457,229.4838
  7726,188.5813, 6.4672, 2010,392.6091
  7727,188.5846, 8.1975, 1966,294.9010
223075,188.6267,11.7344,  986,131.0378
  7733,188.6283, 9.1547,  437,244.2032
  7734,188.6300, 9.6225, 1440,220.0166
220799,188.6325,13.5036,  799,125.8234
222757,188.6342,16.0325,  740,230.0864
  7735,188.6446,18.2025, 1287,348.7052
223883,188.6600,15.6028,  447,209.1503
  7736,188.6646, 7.1586,  595,354.7585
  7739,188.6871, 6.3000, 1997,404.0557
223885,188.6879,16.0242,  859,231.2526
  7737,188.6912,15.2203,  661,191.8232
220808,188.7050,17.8144, 1115,328.1466
223887,188.7063, 6.8361,  732,373.8427
  7742,188.7117,15.5511, 1286,208.3340
220812,188.7537, 9.1861, 1286,246.2126
223894,188.7825,13.5644,  735,135.3030
223895,188.7842,13.4853, 1773,133.7136
220815,188.8075,10.4317, 1077,187.6699
223082,188.8112,12.2375,  748,130.8314
220817,188.8342, 6.1150, 2399,417.2959
  7753,188.8604,14.4958,  550,167.8385
220818,188.8633,12.7503,  733,130.4785
  7757,188.8775,12.2203,  381,134.8492
220819,188.8787, 6.3339, 1607,405.6816
223903,188.8833,16.6122, 2134,267.3801
220820,188.9050,12.3819,  249,134.5667
  7759,188.9087,12.2636, 1198,136.0725
  7760,188.9162,12.5564,  322,133.9892
223094,188.9396,12.1814,  800,138.9335
220828,188.9662,13.8583,  756,152.2705
223095,188.9712,11.6819, 1330,150.6253
223913,189.0117, 7.2000, 1038,359.9152
  7768,189.0338,19.3228, 1407,419.4413
220832,189.0442, 9.9225, 2049,219.8530
222758,189.1033,10.3844, 1400,201.8796
  7773,189.1121,11.4383, 1165,164.5572
742499,189.1217,18.3003,  884,364.2067
223336,189.1254,13.5425, 1414,153.6531
222759,189.1275,13.6383,  600,155.6758
223923,189.1342,13.7481,  868,158.4465
  7777,189.1363,11.2575, 2186,171.1668
  7776,189.1429,11.2381, 2232,172.1081
220837,189.1454, 8.0547, 1795,316.8725
223926,189.1529,14.2258,   44,172.4260
  7781,189.1567, 6.6203, 1075,395.3681
  7782,189.1642,11.1011,  666,177.5739
  7784,189.1817,13.2592, 1122,152.3806
223927,189.1954,14.7392,  532,192.1440
  7786,189.2083,13.1625, -223,152.8276
223337,189.2129,12.9589,  559,151.5271
  7785,189.2229, 7.2461, 1750,362.4511
220842,189.2283,12.5203, 1547,152.3843
  7788,189.2350,14.2169,  343,176.2566
  7790,189.2629, 6.9264, 1634,380.9145
223111,189.3425,12.2869,  458,160.7962
223942,189.3687, 8.7942,  888,285.5569
223112,189.3708,12.3531, 1454,161.8225
  7793,189.3775, 9.5544, 2284,249.4407
223944,189.3929, 8.4819, 1580,302.0138
220849,189.4217, 8.5592, 1033,299.0377
  7796,189.4312,11.8181, 1502,172.7525
742515,189.4321,18.2656, 2568,369.7841
  7795,189.4388, 7.1039,   64,375.6650
742516,189.4412,18.2972, 2550,371.7185
220855,189.5283,10.0822, 1279,232.5476
220856,189.5283,10.1650, 1150,229.1747
223957,189.5404,13.5808,  690,177.4367
220860,189.5646, 6.9944, -117,384.8674
220863,189.5658,14.8697,  737,213.9401
  7803,189.5746,13.1100, 1737,173.5298
  7802,189.5871, 7.8908, 1769,338.2734
224841,189.6208,13.4239,  974,179.5567
223962,189.6521, 6.5033, 1460,413.6498
223964,189.6575, 9.6769, 1471,255.0720
  7817,189.7667,13.3631, 2750,187.0918
  7814,189.7700,14.7308, 1313,218.9039
223969,189.7987, 8.0725, 1636,335.7351
  7821,189.8017, 6.0122, 2450,444.1241
220881,189.8083,15.6258,   57,253.8222
223126,189.8154,11.2697, 1545,206.0668
  7822,189.8525, 7.9644, 2079,342.9048
223127,189.8629,11.7764, 1228,197.6557
223976,189.8750,12.6808,  596,189.7161
220890,189.9071,10.9756, 1335,218.9291
220893,189.9171, 9.3989, 1898,277.7437
223981,189.9283,13.6075, 1036,199.6434
  7825,189.9500,12.9736, 2839,194.5584
  7826,189.9667,15.2975,  616,247.9782
224288,189.9813, 9.9222, 1376,258.8638
  7828,189.9833,10.1756, 1870,249.2948
220901,189.9937,13.7814, 1010,206.2318
220903,190.0433, 6.8467, 1012,406.0907
220904,190.0467, 9.8961, 2023,262.8179
  7829,190.0500, 8.3833, 1961,329.2041
  7830,190.0558,12.8742, 1517,200.4129
223989,190.0733, 6.7314,  925,412.9954
220909,190.0817,14.7150, 1927,233.8031
220908,190.0821,15.9353, 1679,278.0537
  7834,190.2212,10.4753,  634,250.2685
  7839,190.2400,11.9108, 1645,216.9206
  7838,190.2442,11.1839,  470,231.1520
224290,190.2546, 9.7183, 1406,279.0926
  7843,190.3017,11.8858, 2222,220.7909
  7842,190.3058,10.1553, 1864,265.2422
223143,190.3137,11.2986, 1617,232.2401
220921,190.3154,11.3875,  603,230.3902
220925,190.3358,14.7006,   45,246.2380
222198,190.3521,12.1756, 1159,220.2992
742551,190.3558,19.2214,  479,445.0316
223342,190.3725,10.7631,  138,249.1056
  7850,190.3867, 7.3139, 1884,393.0049
220930,190.4142,12.2475, 1072,223.2738
  7855,190.4450,11.4878, 1227,235.5324
223147,190.4537,11.1914, 1016,242.3053
  7854,190.4667, 9.4025, 1032,301.0157
  7857,190.4763,13.7722,   18,233.0577
220934,190.4775, 9.5844, 1731,294.3427
  7859,190.4975,12.9422, 1156,226.4006
  7858,190.5096,11.6456,  444,236.3056
222515,190.5112,15.6364,  314,285.3300
  7863,190.5358,11.7536,  206,236.0619
  7864,190.5379,12.5961, -169,228.6653
  7862,190.5450, 7.6758, 1788,380.7968
224023,190.5758,10.5675, 1869,265.2846
742559,190.5858,17.5097, 1218,367.2121
223153,190.6104,11.7400, 1161,240.5076
  7874,190.6542,14.3556,  304,254.1308
  7875,190.6696,14.2969,  144,253.6583
220941,190.6704,13.2664, 1100,238.2207
220944,190.6871, 7.3389, 2409,402.0656
220946,190.6917, 9.5108,  959,306.9139
  7880,190.6975,11.4422, 1148,250.4799
713005,190.7000,12.9900, 1094,238.3799
223157,190.7112,12.3083, 1703,240.1105
  7884,190.7183,13.2567,  983,240.9227
  7888,190.7408,12.2864, 2077,241.9831
220954,190.7417,10.6819, 1672,270.6156
224031,190.7500,16.0872,  814,312.9504
223159,190.7592,11.6981, 1142,249.5986
220956,190.7813, 7.6547, 1308,390.4002
  7889,190.7821,12.0506, 2012,246.4125
224033,190.7842,14.5200, 1218,264.9237
224034,190.7929,11.0367, 1049,264.3104
220966,190.8712,10.0928, 1325,294.9546
223166,190.8787,11.0472, 1376,268.7307
  7896,190.8854,11.5817, 1450,258.5930
224040,190.8979,10.7558,  334,276.8839
  7898,190.9171,11.5525, 1116,260.8635
  7901,190.9275,16.3931,  794,332.6135
224041,190.9500, 8.7606, 1774,348.1727
220970,190.9625,11.4669,  938,264.8832
224042,190.9721,10.7456, 1341,281.0951
742572,190.9758,16.5472, 1211,340.8098
  7902,190.9858,13.1264, 1044,255.6389
224044,191.0179,13.2497,  535,258.2441
223170,191.0392,11.1767, 1681,274.7124
  7906,191.0400,12.1153, 1010,260.7320
220977,191.0500,12.9419,  940,258.6726
  7915,191.1221,13.4981,  510,266.3510
  7914,191.1333,11.1900, 1115,279.6511
  7920,191.1892,12.3503,  849,267.7257
  7919,191.1975,12.0644, 1599,270.3274
220987,191.1979, 8.1072, 1876,386.2510
229323,191.2158,16.4183,  965,346.2952
  7927,191.2733,10.9006, 1087,293.5735
224049,191.2904,10.6303,  944,301.0209
220990,191.2992,10.3242, 2545,309.7168
224051,191.3133, 7.6153, 1304,412.5915
220993,191.3346,13.6933, 1895,280.6710
  7932,191.3821,13.3311,  872,279.9352
734818,191.3887,10.4903,  969,309.8808
221618,191.4058,13.3283,   54,281.2923
224057,191.4175, 9.4064, 1295,344.8389
226488,191.4379,12.2358, 1606,282.9337
221000,191.5183, 8.4761, 1483,384.5314
221001,191.5329,10.1636, 1500,326.4368
221004,191.5637,10.2056, 1140,326.8486
  7942,191.6596, 9.3067, 1765,359.9860
223344,191.7313,10.1822, 1309,336.2566
  7952,191.8133,10.2031, 1095,339.9981
  7953,191.8179,11.7606, 1091,309.3911
221016,191.8358,12.1664, 1193,306.5950
224066,191.9138, 9.1575, 1584,377.4483
224067,191.9350,12.1325, 1926,312.6146
  7965,191.9400,13.7625, 1610,316.0980
221026,191.9996,10.9708, 1146,332.1363
  7969,192.0625,10.9833, 1185,335.4015
  7970,192.0954, 8.4875, 1008,410.2043
221027,192.1125,10.5581, 1169,347.1415
223197,192.1821,11.9694, 2097,328.3066
224079,192.2433,10.5864, 1512,353.6475
224873,192.2983,14.7528, 1599,351.8583
  7980,192.4112,15.1650, 1129,366.9068
221051,192.5604,10.5400,  892,372.0688
226014,192.6308,17.4719,  844,449.1964
225857,192.7479, 9.0775, 1143,421.3616
223205,192.7783,12.0600, 1788,362.2528
  7997,192.7783,10.9117,  905,376.8346
  8001,192.8513,10.5794, 1592,387.2962
221071,192.9229,13.0950, 1501,368.4653
  8007,192.9796,12.0828, 1783,373.8173
734899,192.9821, 8.8781, 1125,439.4735
  8010,193.0729,11.3139, 1374,387.1906
221080,193.1425,12.2578, 1801,382.2767
  8014,193.1838,15.8483, 1244,424.4347
  8016,193.2329,11.2303, 1006,397.5157
221085,193.2463,14.4006, 1047,398.5639
  8022,193.4617, 9.7097, 2826,440.5795
225850,193.5092, 9.4472, 1496,449.9415
  8032,193.6842,13.2372, 1147,413.3390
224902,193.6929,15.5917, 2638,445.2203
